no,name,major,in_year,email
20265443,한지호,심리학과,2026,user20265443@naver.com
20259750,정민준,전자공학과,2025,user20259750@outlook.com
20266307,박민준,컴퓨터공학과,2026,user20266307@outlook.com
20233950,임서연,시각디자인학과,2023,user20233950@naver.com
20257906,임지우,시각디자인학과,2025,user20257906@outlook.com
20237801,정서윤,전자공학과,2023,user20237801@naver.com
20267108,최지아,시각디자인학과,2026,user20267108@naver.com
20255631,강하준,심리학과,2025,user20255631@outlook.com
20263063,서민지,심리학과,2026,user20263063@daum.net
20243918,권우진,컴퓨터공학과,2024,user20243918@naver.com
20261838,권서윤,경영학과,2026,user20261838@outlook.com
20233348,최윤아,시각디자인학과,2023,user20233348@daum.net
20246313,조윤아,시각디자인학과,2024,user20246313@naver.com
20235350,이서현,컴퓨터공학과,2023,user20235350@daum.net
20255118,임채원,컴퓨터공학과,2025,user20255118@daum.net
20248794,장건우,경영학과,2024,user20248794@gmail.com
20252372,장건우,전자공학과,2025,user20252372@daum.net
20242550,한하은,시각디자인학과,2024,user20242550@naver.com
20252172,강지윤,심리학과,2025,user20252172@naver.com
20239129,강지호,심리학과,2023,user20239129@gmail.com
20252028,최윤아,심리학과,2025,user20252028@naver.com
20249500,이준우,컴퓨터공학과,2024,user20249500@daum.net
20265977,권서연,컴퓨터공학과,2026,user20265977@gmail.com
20234870,강건우,컴퓨터공학과,2023,user20234870@outlook.com
20253002,장지우,경영학과,2025,user20253002@gmail.com
20247807,권지우,심리학과,2024,user20247807@outlook.com
20255828,서현우,컴퓨터공학과,2025,user20255828@naver.com
20247083,박지윤,심리학과,2024,user20247083@outlook.com
20257289,권지아,경영학과,2025,user20257289@daum.net
20243420,서우진,시각디자인학과,2024,user20243420@outlook.com
20235425,정민지,시각디자인학과,2023,user20235425@gmail.com
20268300,임우진,컴퓨터공학과,2026,user20268300@gmail.com
20252251,신윤아,시각디자인학과,2025,user20252251@gmail.com
20262104,정서윤,컴퓨터공학과,2026,user20262104@outlook.com
20236910,박건우,컴퓨터공학과,2023,user20236910@outlook.com
20266745,임서현,컴퓨터공학과,2026,user20266745@daum.net
20235800,장현우,심리학과,2023,user20235800@daum.net
20256169,장도윤,컴퓨터공학과,2025,user20256169@daum.net
20234918,서하은,전자공학과,2023,user20234918@outlook.com
20249388,정서연,경영학과,2024,user20249388@daum.net
20243901,이건우,전자공학과,2024,user20243901@gmail.com
20238281,임하준,전자공학과,2023,user20238281@gmail.com
20255385,권현우,시각디자인학과,2025,user20255385@outlook.com
20254622,강선우,전자공학과,2025,user20254622@naver.com
20263536,조지우,시각디자인학과,2026,user20263536@outlook.com
20254052,임하준,경영학과,2025,user20254052@outlook.com
20233414,이준우,컴퓨터공학과,2023,user20233414@outlook.com
20248422,서윤아,심리학과,2024,user20248422@outlook.com
20237202,강서윤,전자공학과,2023,user20237202@gmail.com
20247930,이서연,컴퓨터공학과,2024,user20247930@naver.com
20253888,한준우,전자공학과,2025,user20253888@gmail.com
20237370,최채원,경영학과,2023,user20237370@gmail.com
20251550,최민지,경영학과,2025,user20251550@daum.net
20269165,정하은,컴퓨터공학과,2026,user20269165@daum.net
20269649,권도윤,전자공학과,2026,user20269649@naver.com
20256042,한서현,경영학과,2025,user20256042@gmail.com
20238997,강하준,전자공학과,2023,user20238997@outlook.com
20242765,신지호,컴퓨터공학과,2024,user20242765@naver.com
20264112,서서현,경영학과,2026,user20264112@daum.net
20265990,신지윤,컴퓨터공학과,2026,user20265990@outlook.com
20258508,신지우,시각디자인학과,2025,user20258508@daum.net
20266280,김민지,전자공학과,2026,user20266280@naver.com
20248534,이하준,시각디자인학과,2024,user20248534@gmail.com
20259473,신민준,컴퓨터공학과,2025,user20259473@outlook.com
20257042,정현우,컴퓨터공학과,2025,user20257042@daum.net
20241285,이채원,경영학과,2024,user20241285@daum.net
20242543,박지윤,심리학과,2024,user20242543@gmail.com
20238761,윤민준,심리학과,2023,user20238761@outlook.com
20266774,최서연,컴퓨터공학과,2026,user20266774@outlook.com
20247746,박지윤,컴퓨터공학과,2024,user20247746@naver.com
20256670,조지우,컴퓨터공학과,2025,user20256670@gmail.com
20263739,정지아,심리학과,2026,user20263739@gmail.com
20255152,한지아,심리학과,2025,user20255152@outlook.com
20263157,최지윤,심리학과,2026,user20263157@naver.com
20245097,권민지,전자공학과,2024,user20245097@daum.net
20237422,한선우,시각디자인학과,2023,user20237422@gmail.com
20254971,이건우,컴퓨터공학과,2025,user20254971@outlook.com
20266649,오지우,경영학과,2026,user20266649@outlook.com
20269736,강현우,심리학과,2026,user20269736@naver.com
20242400,조서현,경영학과,2024,user20242400@gmail.com
20252416,최윤아,컴퓨터공학과,2025,user20252416@gmail.com
20231282,정하은,시각디자인학과,2023,user20231282@outlook.com
20266099,오서현,시각디자인학과,2026,user20266099@naver.com
20251605,임채원,시각디자인학과,2025,user20251605@gmail.com
20251264,신도윤,시각디자인학과,2025,user20251264@outlook.com
20235572,윤현우,경영학과,2023,user20235572@outlook.com
20265305,박지윤,심리학과,2026,user20265305@daum.net
20248019,한현우,경영학과,2024,user20248019@outlook.com
20242199,서서윤,컴퓨터공학과,2024,user20242199@naver.com
20267036,장채원,심리학과,2026,user20267036@daum.net
20256218,임서윤,경영학과,2025,user20256218@outlook.com
20269168,최지아,심리학과,2026,user20269168@gmail.com
20241189,이지호,컴퓨터공학과,2024,user20241189@naver.com
20245434,한건우,시각디자인학과,2024,user20245434@naver.com
20231311,정민준,컴퓨터공학과,2023,user20231311@outlook.com
20264459,김지아,심리학과,2026,user20264459@naver.com
20268294,권건우,컴퓨터공학과,2026,user20268294@daum.net
20233817,신우진,심리학과,2023,user20233817@gmail.com
20234706,조민지,심리학과,2023,user20234706@naver.com
20252109,서민지,심리학과,2025,user20252109@gmail.com
20265621,박건우,심리학과,2026,user20265621@naver.com
20251170,이민준,시각디자인학과,2025,user20251170@naver.com
20244265,김민준,전자공학과,2024,user20244265@naver.com
20235018,정서연,전자공학과,2023,user20235018@daum.net
20239483,장건우,심리학과,2023,user20239483@gmail.com
20245332,권하준,전자공학과,2024,user20245332@outlook.com
20246512,임채원,심리학과,2024,user20246512@daum.net
20233450,정도윤,심리학과,2023,user20233450@daum.net
20252990,최서연,경영학과,2025,user20252990@naver.com
20239997,윤서연,심리학과,2023,user20239997@daum.net
20262639,한서연,경영학과,2026,user20262639@gmail.com
20259922,권건우,경영학과,2025,user20259922@gmail.com
20234066,서현우,시각디자인학과,2023,user20234066@gmail.com
20248032,서민지,전자공학과,2024,user20248032@gmail.com
20234786,오서연,심리학과,2023,user20234786@naver.com
20231079,서준우,경영학과,2023,user20231079@daum.net
20236951,정도윤,심리학과,2023,user20236951@outlook.com
20261313,신현우,경영학과,2026,user20261313@outlook.com
20255701,윤지아,시각디자인학과,2025,user20255701@daum.net
20259172,박하준,심리학과,2025,user20259172@daum.net
20234254,장하준,경영학과,2023,user20234254@daum.net
20242200,강하준,시각디자인학과,2024,user20242200@daum.net
20236834,조우진,시각디자인학과,2023,user20236834@daum.net
20233173,강현우,컴퓨터공학과,2023,user20233173@gmail.com
20262588,강서윤,경영학과,2026,user20262588@daum.net
20267500,장지아,경영학과,2026,user20267500@outlook.com
20264521,임서연,심리학과,2026,user20264521@daum.net
20244440,오우진,전자공학과,2024,user20244440@outlook.com
20269024,정민준,시각디자인학과,2026,user20269024@daum.net
20243276,최민준,컴퓨터공학과,2024,user20243276@daum.net
20235493,강현우,시각디자인학과,2023,user20235493@naver.com
20249939,한민준,전자공학과,2024,user20249939@naver.com
20245236,윤지아,경영학과,2024,user20245236@outlook.com
20243419,최우진,전자공학과,2024,user20243419@gmail.com
20244450,임하준,심리학과,2024,user20244450@naver.com
20267675,조도윤,전자공학과,2026,user20267675@gmail.com
20232105,오지호,전자공학과,2023,user20232105@outlook.com
20259254,최현우,심리학과,2025,user20259254@outlook.com
20255436,강우진,심리학과,2025,user20255436@outlook.com
20269968,권채원,컴퓨터공학과,2026,user20269968@naver.com
20232590,장지윤,시각디자인학과,2023,user20232590@gmail.com
20249009,정준우,전자공학과,2024,user20249009@daum.net
20243387,윤윤아,전자공학과,2024,user20243387@naver.com
20254682,임하은,컴퓨터공학과,2025,user20254682@gmail.com
20258045,김준우,심리학과,2025,user20258045@naver.com
20242690,신지우,시각디자인학과,2024,user20242690@gmail.com
20252365,이하은,경영학과,2025,user20252365@naver.com
20251991,권서윤,시각디자인학과,2025,user20251991@outlook.com
20234469,윤지호,컴퓨터공학과,2023,user20234469@naver.com
20256762,신지아,시각디자인학과,2025,user20256762@daum.net
20244608,권건우,심리학과,2024,user20244608@gmail.com
20241044,조지아,심리학과,2024,user20241044@gmail.com
20234137,박윤아,심리학과,2023,user20234137@outlook.com
20246849,권준우,경영학과,2024,user20246849@gmail.com
20259263,최준우,전자공학과,2025,user20259263@gmail.com
20269670,윤서윤,전자공학과,2026,user20269670@naver.com
20266036,조건우,시각디자인학과,2026,user20266036@daum.net
20251625,임주원,경영학과,2025,user20251625@outlook.com
20235758,강지호,경영학과,2023,user20235758@outlook.com
20233009,강지윤,시각디자인학과,2023,user20233009@gmail.com
20232256,최하준,전자공학과,2023,user20232256@daum.net
20256391,최지아,시각디자인학과,2025,user20256391@outlook.com
20256619,한하은,심리학과,2025,user20256619@gmail.com
20233444,장채원,시각디자인학과,2023,user20233444@gmail.com
20267655,최채원,전자공학과,2026,user20267655@gmail.com
20258894,김서연,컴퓨터공학과,2025,user20258894@daum.net
20256879,윤우진,심리학과,2025,user20256879@outlook.com
20267211,김채원,심리학과,2026,user20267211@daum.net
20258286,윤하준,컴퓨터공학과,2025,user20258286@outlook.com
20255629,한채원,컴퓨터공학과,2025,user20255629@naver.com
20268507,신하은,컴퓨터공학과,2026,user20268507@naver.com
20238977,김하준,전자공학과,2023,user20238977@naver.com
20234122,임하은,컴퓨터공학과,2023,user20234122@naver.com
20259043,윤건우,심리학과,2025,user20259043@naver.com
20237846,장주원,시각디자인학과,2023,user20237846@gmail.com
20268065,박민준,전자공학과,2026,user20268065@gmail.com
20256451,정우진,전자공학과,2025,user20256451@daum.net
20244324,최하준,전자공학과,2024,user20244324@daum.net
20262662,정현우,전자공학과,2026,user20262662@outlook.com
20249738,신서윤,심리학과,2024,user20249738@daum.net
20241909,강건우,시각디자인학과,2024,user20241909@gmail.com
20256620,강선우,전자공학과,2025,user20256620@naver.com
20231986,조서윤,심리학과,2023,user20231986@daum.net
20234282,신민준,경영학과,2023,user20234282@outlook.com
20244681,신윤아,전자공학과,2024,user20244681@outlook.com
20257058,최우진,심리학과,2025,user20257058@outlook.com
20255259,이민지,컴퓨터공학과,2025,user20255259@outlook.com
20264079,오하준,경영학과,2026,user20264079@gmail.com
20248073,권서윤,전자공학과,2024,user20248073@naver.com
20239260,강서윤,시각디자인학과,2023,user20239260@gmail.com
20261915,장민지,전자공학과,2026,user20261915@naver.com
20266098,권하은,전자공학과,2026,user20266098@outlook.com
20234876,장우진,심리학과,2023,user20234876@naver.com
20253362,한준우,컴퓨터공학과,2025,user20253362@naver.com
20238271,조도윤,전자공학과,2023,user20238271@naver.com
20265784,한지우,시각디자인학과,2026,user20265784@naver.com
20251046,정도윤,경영학과,2025,user20251046@gmail.com
20266865,오건우,시각디자인학과,2026,user20266865@outlook.com
20243298,박지호,경영학과,2024,user20243298@naver.com
20259264,강선우,경영학과,2025,user20259264@naver.com
20241689,신우진,컴퓨터공학과,2024,user20241689@outlook.com
20257059,오우진,경영학과,2025,user20257059@daum.net
20267736,장민준,컴퓨터공학과,2026,user20267736@naver.com
20254610,김지아,컴퓨터공학과,2025,user20254610@gmail.com
20237476,이서현,컴퓨터공학과,2023,user20237476@gmail.com
20231280,박도윤,심리학과,2023,user20231280@daum.net
20231348,최우진,시각디자인학과,2023,user20231348@daum.net
20255771,장주원,경영학과,2025,user20255771@naver.com
20255966,윤서연,경영학과,2025,user20255966@naver.com
20243218,윤현우,경영학과,2024,user20243218@gmail.com
20254199,한서연,컴퓨터공학과,2025,user20254199@gmail.com
20255546,조서현,전자공학과,2025,user20255546@daum.net
20238962,정선우,전자공학과,2023,user20238962@naver.com
20268145,권채원,경영학과,2026,user20268145@gmail.com
20266656,서서현,컴퓨터공학과,2026,user20266656@naver.com
20262580,강윤아,시각디자인학과,2026,user20262580@outlook.com
20239655,오현우,시각디자인학과,2023,user20239655@naver.com
20238304,권도윤,시각디자인학과,2023,user20238304@gmail.com
20243724,이민준,컴퓨터공학과,2024,user20243724@outlook.com
20239548,최지윤,전자공학과,2023,user20239548@daum.net
20269805,권지윤,경영학과,2026,user20269805@naver.com
20251316,조지아,전자공학과,2025,user20251316@daum.net
20243422,서서윤,경영학과,2024,user20243422@outlook.com
20247039,윤민지,심리학과,2024,user20247039@outlook.com
20242736,임주원,전자공학과,2024,user20242736@daum.net
20239451,조도윤,경영학과,2023,user20239451@outlook.com
20263590,한윤아,심리학과,2026,user20263590@outlook.com
20235944,강도윤,컴퓨터공학과,2023,user20235944@daum.net
20232771,윤하준,컴퓨터공학과,2023,user20232771@daum.net
20258665,임준우,심리학과,2025,user20258665@naver.com
20268901,장채원,컴퓨터공학과,2026,user20268901@gmail.com
20251986,한도윤,심리학과,2025,user20251986@naver.com
20248191,한민지,컴퓨터공학과,2024,user20248191@naver.com
20246681,오서현,전자공학과,2024,user20246681@outlook.com
20265310,조하은,전자공학과,2026,user20265310@naver.com
20235261,신주원,전자공학과,2023,user20235261@naver.com
20258690,이준우,전자공학과,2025,user20258690@outlook.com
20268411,이우진,심리학과,2026,user20268411@daum.net
20236149,이준우,컴퓨터공학과,2023,user20236149@outlook.com
20255282,정주원,컴퓨터공학과,2025,user20255282@daum.net
20268566,한하은,컴퓨터공학과,2026,user20268566@daum.net
20261128,서민준,컴퓨터공학과,2026,user20261128@naver.com
20241435,최민지,심리학과,2024,user20241435@outlook.com
20263545,최하준,경영학과,2026,user20263545@outlook.com
20238316,임준우,전자공학과,2023,user20238316@naver.com
20263209,강윤아,컴퓨터공학과,2026,user20263209@daum.net
20261076,윤선우,경영학과,2026,user20261076@naver.com
20252121,신준우,전자공학과,2025,user20252121@gmail.com
20241002,이도윤,전자공학과,2024,user20241002@daum.net
20262501,강채원,심리학과,2026,user20262501@daum.net
20241260,한하은,컴퓨터공학과,2024,user20241260@naver.com
20267905,윤도윤,시각디자인학과,2026,user20267905@daum.net
20231913,조서현,전자공학과,2023,user20231913@gmail.com
20256527,박건우,전자공학과,2025,user20256527@gmail.com
20266951,오하은,전자공학과,2026,user20266951@outlook.com
20233767,이지윤,컴퓨터공학과,2023,user20233767@daum.net
20237880,임채원,시각디자인학과,2023,user20237880@outlook.com
20268893,오주원,심리학과,2026,user20268893@naver.com
20255137,정서현,시각디자인학과,2025,user20255137@gmail.com
20248199,윤지아,경영학과,2024,user20248199@gmail.com
20269059,이윤아,심리학과,2026,user20269059@daum.net
20259260,최서연,시각디자인학과,2025,user20259260@outlook.com
20238785,신현우,경영학과,2023,user20238785@gmail.com
20265696,조우진,경영학과,2026,user20265696@daum.net
20244428,장현우,시각디자인학과,2024,user20244428@naver.com
20237226,장지윤,심리학과,2023,user20237226@naver.com
20245445,이민지,전자공학과,2024,user20245445@daum.net
20254753,강민지,심리학과,2025,user20254753@daum.net
20268233,장민지,시각디자인학과,2026,user20268233@naver.com
20253569,한서연,심리학과,2025,user20253569@outlook.com
20241825,신하은,시각디자인학과,2024,user20241825@daum.net
20234408,서채원,컴퓨터공학과,2023,user20234408@outlook.com
20254130,임지윤,심리학과,2025,user20254130@outlook.com
20238702,한도윤,경영학과,2023,user20238702@gmail.com
20254465,서윤아,컴퓨터공학과,2025,user20254465@daum.net
20265653,권지우,컴퓨터공학과,2026,user20265653@outlook.com
20253498,정현우,경영학과,2025,user20253498@daum.net
20239384,이지윤,경영학과,2023,user20239384@outlook.com
20244528,권하준,전자공학과,2024,user20244528@outlook.com
20265374,권민지,경영학과,2026,user20265374@outlook.com
20259802,장민지,심리학과,2025,user20259802@gmail.com
20263088,김선우,경영학과,2026,user20263088@naver.com
20251534,정준우,시각디자인학과,2025,user20251534@daum.net
20244095,권서윤,시각디자인학과,2024,user20244095@naver.com
20242078,서선우,컴퓨터공학과,2024,user20242078@outlook.com
20241305,강하은,경영학과,2024,user20241305@naver.com
20267633,장채원,시각디자인학과,2026,user20267633@naver.com
20257361,서준우,경영학과,2025,user20257361@gmail.com
20249131,권지아,컴퓨터공학과,2024,user20249131@gmail.com
20239967,박서윤,심리학과,2023,user20239967@outlook.com
20261242,최현우,전자공학과,2026,user20261242@gmail.com
20231076,윤채원,시각디자인학과,2023,user20231076@gmail.com
20233434,최주원,전자공학과,2023,user20233434@daum.net
20232322,박지윤,경영학과,2023,user20232322@gmail.com
20242002,한민지,전자공학과,2024,user20242002@outlook.com
20234431,오채원,심리학과,2023,user20234431@outlook.com
20242261,최서연,심리학과,2024,user20242261@outlook.com
20237715,윤지윤,컴퓨터공학과,2023,user20237715@gmail.com
20258388,장현우,컴퓨터공학과,2025,user20258388@outlook.com
20237107,권주원,시각디자인학과,2023,user20237107@gmail.com
20267780,임지아,컴퓨터공학과,2026,user20267780@outlook.com
20235582,최주원,컴퓨터공학과,2023,user20235582@gmail.com
20232644,김하은,경영학과,2023,user20232644@daum.net
20257675,조현우,경영학과,2025,user20257675@naver.com
20243667,조서윤,심리학과,2024,user20243667@gmail.com
20262500,임건우,경영학과,2026,user20262500@naver.com
20257652,김지윤,심리학과,2025,user20257652@naver.com
20266645,정준우,심리학과,2026,user20266645@outlook.com
20267094,이채원,전자공학과,2026,user20267094@daum.net
20269765,윤지아,시각디자인학과,2026,user20269765@gmail.com
20234784,강서연,경영학과,2023,user20234784@outlook.com
20268406,오민준,경영학과,2026,user20268406@naver.com
20239301,서지윤,시각디자인학과,2023,user20239301@daum.net
20243619,이서윤,심리학과,2024,user20243619@outlook.com
20237608,권민준,컴퓨터공학과,2023,user20237608@daum.net
20249672,임지아,심리학과,2024,user20249672@outlook.com
20235445,윤서연,경영학과,2023,user20235445@outlook.com
20261830,임준우,전자공학과,2026,user20261830@outlook.com
20267312,정지우,시각디자인학과,2026,user20267312@daum.net
20235076,김주원,경영학과,2023,user20235076@daum.net
20239331,권준우,전자공학과,2023,user20239331@outlook.com
20231336,한채원,경영학과,2023,user20231336@daum.net
20253639,임서현,시각디자인학과,2025,user20253639@naver.com
20262654,윤윤아,심리학과,2026,user20262654@naver.com
20246577,한서현,경영학과,2024,user20246577@daum.net
20236835,박현우,전자공학과,2023,user20236835@daum.net
20241226,정서현,심리학과,2024,user20241226@outlook.com
20242922,조건우,심리학과,2024,user20242922@naver.com
20241584,한서현,시각디자인학과,2024,user20241584@outlook.com
20263387,임건우,심리학과,2026,user20263387@outlook.com
20267981,김민지,전자공학과,2026,user20267981@daum.net
20261295,서지우,컴퓨터공학과,2026,user20261295@naver.com
20249149,권지아,심리학과,2024,user20249149@gmail.com
20239241,권우진,심리학과,2023,user20239241@daum.net
20253039,한서연,전자공학과,2025,user20253039@daum.net
20246674,장건우,경영학과,2024,user20246674@daum.net
20253828,임도윤,시각디자인학과,2025,user20253828@naver.com
20238544,김선우,심리학과,2023,user20238544@daum.net
20261146,박지아,시각디자인학과,2026,user20261146@outlook.com
20264881,정민지,전자공학과,2026,user20264881@naver.com
20231179,오채원,경영학과,2023,user20231179@daum.net
20259867,최민지,경영학과,2025,user20259867@naver.com
20257429,한지윤,심리학과,2025,user20257429@outlook.com
20233662,오민지,전자공학과,2023,user20233662@daum.net
20238865,강지윤,컴퓨터공학과,2023,user20238865@naver.com
20263409,조지윤,전자공학과,2026,user20263409@naver.com
20242960,오윤아,경영학과,2024,user20242960@outlook.com
20254414,장지우,심리학과,2025,user20254414@daum.net
20255370,이윤아,컴퓨터공학과,2025,user20255370@gmail.com
20233190,조채원,심리학과,2023,user20233190@outlook.com
20252669,강서연,컴퓨터공학과,2025,user20252669@daum.net
20255201,조선우,심리학과,2025,user20255201@outlook.com
20254860,김지호,시각디자인학과,2025,user20254860@naver.com
20255878,김서연,시각디자인학과,2025,user20255878@daum.net
20256684,정지우,컴퓨터공학과,2025,user20256684@daum.net
20259115,장지호,컴퓨터공학과,2025,user20259115@gmail.com
20256533,한하은,경영학과,2025,user20256533@naver.com
20244439,윤현우,시각디자인학과,2024,user20244439@gmail.com
20262910,강주원,컴퓨터공학과,2026,user20262910@outlook.com
20241022,김준우,전자공학과,2024,user20241022@naver.com
20245549,권우진,컴퓨터공학과,2024,user20245549@daum.net
20266242,오서연,시각디자인학과,2026,user20266242@gmail.com
20249495,서지아,시각디자인학과,2024,user20249495@naver.com
20242909,장도윤,시각디자인학과,2024,user20242909@outlook.com
20252967,정민준,전자공학과,2025,user20252967@outlook.com
20234479,한주원,전자공학과,2023,user20234479@naver.com
20263485,최우진,경영학과,2026,user20263485@outlook.com
20248393,권지호,심리학과,2024,user20248393@outlook.com
20254620,신지윤,컴퓨터공학과,2025,user20254620@daum.net
20261435,김우진,전자공학과,2026,user20261435@naver.com
20263858,정주원,전자공학과,2026,user20263858@gmail.com
20263733,최민지,전자공학과,2026,user20263733@naver.com
20237632,최우진,시각디자인학과,2023,user20237632@gmail.com
20268234,오윤아,시각디자인학과,2026,user20268234@daum.net
20238159,이서연,심리학과,2023,user20238159@daum.net
20248788,정지호,경영학과,2024,user20248788@gmail.com
20264310,강하준,시각디자인학과,2026,user20264310@outlook.com
20269537,서하준,경영학과,2026,user20269537@gmail.com
20248163,오민준,심리학과,2024,user20248163@naver.com
20244684,박채원,시각디자인학과,2024,user20244684@daum.net
20251907,이준우,전자공학과,2025,user20251907@gmail.com
20238053,이서윤,경영학과,2023,user20238053@outlook.com
20245390,신지아,전자공학과,2024,user20245390@outlook.com
20242417,서하은,심리학과,2024,user20242417@outlook.com
20248006,신지호,시각디자인학과,2024,user20248006@gmail.com
20268132,한도윤,시각디자인학과,2026,user20268132@daum.net
20257362,신도윤,경영학과,2025,user20257362@daum.net
20268135,권우진,컴퓨터공학과,2026,user20268135@daum.net
20255154,장하은,컴퓨터공학과,2025,user20255154@outlook.com
20233459,최채원,심리학과,2023,user20233459@outlook.com
20243124,김준우,경영학과,2024,user20243124@gmail.com
20267907,장서현,심리학과,2026,user20267907@outlook.com
20254668,윤서윤,컴퓨터공학과,2025,user20254668@outlook.com
20256130,권우진,시각디자인학과,2025,user20256130@daum.net
20244240,조민준,전자공학과,2024,user20244240@outlook.com
20256408,이서현,심리학과,2025,user20256408@daum.net
20255333,장서현,경영학과,2025,user20255333@gmail.com
20246701,강서현,경영학과,2024,user20246701@daum.net
20259616,임하은,심리학과,2025,user20259616@naver.com
20268880,권서윤,시각디자인학과,2026,user20268880@gmail.com
20266129,김하준,시각디자인학과,2026,user20266129@naver.com
20238121,오민지,경영학과,2023,user20238121@daum.net
20241527,최건우,시각디자인학과,2024,user20241527@naver.com
20245886,한도윤,경영학과,2024,user20245886@outlook.com
20259733,최주원,전자공학과,2025,user20259733@gmail.com
20267338,권채원,컴퓨터공학과,2026,user20267338@naver.com
20257819,권서현,전자공학과,2025,user20257819@outlook.com
20252089,서우진,시각디자인학과,2025,user20252089@gmail.com
20255652,장지윤,전자공학과,2025,user20255652@gmail.com
20256486,정지아,경영학과,2025,user20256486@gmail.com
20262953,오건우,심리학과,2026,user20262953@naver.com
20244970,오서윤,전자공학과,2024,user20244970@outlook.com
20249067,한서연,시각디자인학과,2024,user20249067@daum.net
20262183,한민준,경영학과,2026,user20262183@outlook.com
20266837,김지우,전자공학과,2026,user20266837@outlook.com
20251683,윤서연,컴퓨터공학과,2025,user20251683@naver.com
20253968,김우진,시각디자인학과,2025,user20253968@naver.com
20263011,최우진,경영학과,2026,user20263011@outlook.com
20267678,오채원,심리학과,2026,user20267678@gmail.com
20265001,강서현,전자공학과,2026,user20265001@outlook.com
20269332,강윤아,시각디자인학과,2026,user20269332@outlook.com
20258732,임서윤,심리학과,2025,user20258732@daum.net
20245759,이선우,심리학과,2024,user20245759@daum.net
20268221,한선우,시각디자인학과,2026,user20268221@naver.com
20237757,임민준,경영학과,2023,user20237757@outlook.com
20263086,정윤아,경영학과,2026,user20263086@gmail.com
20262144,강현우,전자공학과,2026,user20262144@outlook.com
20235207,한하은,심리학과,2023,user20235207@daum.net
20255296,임윤아,전자공학과,2025,user20255296@gmail.com
20243695,오민준,경영학과,2024,user20243695@naver.com
20239054,오윤아,컴퓨터공학과,2023,user20239054@naver.com
20267460,박서연,컴퓨터공학과,2026,user20267460@daum.net
20238270,이민준,전자공학과,2023,user20238270@daum.net
20253071,오하준,시각디자인학과,2025,user20253071@gmail.com
20256359,임채원,시각디자인학과,2025,user20256359@gmail.com
20238466,신민지,전자공학과,2023,user20238466@naver.com
20234962,서윤아,경영학과,2023,user20234962@naver.com
20231118,오준우,전자공학과,2023,user20231118@outlook.com
20243429,이채원,시각디자인학과,2024,user20243429@naver.com
20265301,정지우,컴퓨터공학과,2026,user20265301@gmail.com
20257306,서지호,경영학과,2025,user20257306@naver.com
20256497,한서연,전자공학과,2025,user20256497@gmail.com
20267153,정민지,전자공학과,2026,user20267153@outlook.com
20246220,신도윤,전자공학과,2024,user20246220@gmail.com
20269355,조현우,전자공학과,2026,user20269355@gmail.com
20263670,장서연,시각디자인학과,2026,user20263670@daum.net
20233325,박지우,심리학과,2023,user20233325@outlook.com
20267101,박하은,시각디자인학과,2026,user20267101@naver.com
20264313,오민준,전자공학과,2026,user20264313@gmail.com
20232610,한민준,경영학과,2023,user20232610@gmail.com
20242159,오현우,심리학과,2024,user20242159@outlook.com
20253377,박지아,경영학과,2025,user20253377@daum.net
20235339,오서윤,경영학과,2023,user20235339@daum.net
20245516,권준우,컴퓨터공학과,2024,user20245516@outlook.com
20243944,이윤아,시각디자인학과,2024,user20243944@naver.com
20233544,윤도윤,심리학과,2023,user20233544@naver.com
20252043,한주원,경영학과,2025,user20252043@naver.com
20231682,강지아,전자공학과,2023,user20231682@daum.net
20233196,정민지,경영학과,2023,user20233196@naver.com
20257295,서현우,경영학과,2025,user20257295@outlook.com
20239777,조우진,경영학과,2023,user20239777@daum.net
20261938,정현우,컴퓨터공학과,2026,user20261938@naver.com
20257550,조주원,전자공학과,2025,user20257550@daum.net
20249640,조서연,전자공학과,2024,user20249640@outlook.com
20233298,김채원,컴퓨터공학과,2023,user20233298@outlook.com
20235915,조선우,전자공학과,2023,user20235915@outlook.com
20248232,권하준,시각디자인학과,2024,user20248232@daum.net
20259476,윤지우,컴퓨터공학과,2025,user20259476@naver.com
20236534,오서연,시각디자인학과,2023,user20236534@naver.com
20235888,신민지,시각디자인학과,2023,user20235888@gmail.com
20246092,윤서현,심리학과,2024,user20246092@gmail.com
20266249,최선우,시각디자인학과,2026,user20266249@gmail.com
20238433,신선우,시각디자인학과,2023,user20238433@gmail.com
20242298,조지호,경영학과,2024,user20242298@daum.net
20231728,정도윤,심리학과,2023,user20231728@outlook.com
20269907,박민지,전자공학과,2026,user20269907@gmail.com
20248471,박지호,경영학과,2024,user20248471@daum.net
20253341,한우진,전자공학과,2025,user20253341@outlook.com
20237357,박준우,시각디자인학과,2023,user20237357@naver.com
20256098,임하준,전자공학과,2025,user20256098@naver.com
20254920,강하준,컴퓨터공학과,2025,user20254920@naver.com
20232565,한지윤,경영학과,2023,user20232565@daum.net
20264302,정지호,경영학과,2026,user20264302@gmail.com
20257387,정도윤,심리학과,2025,user20257387@outlook.com
20236968,오민준,심리학과,2023,user20236968@daum.net
20264690,강건우,경영학과,2026,user20264690@daum.net
20232875,조지호,전자공학과,2023,user20232875@naver.com
20246928,최민준,경영학과,2024,user20246928@outlook.com
20234132,한민지,컴퓨터공학과,2023,user20234132@gmail.com
20238216,서윤아,심리학과,2023,user20238216@daum.net
20234275,임서윤,시각디자인학과,2023,user20234275@gmail.com
20234286,강서현,전자공학과,2023,user20234286@naver.com
20256215,김하준,전자공학과,2025,user20256215@gmail.com
20264610,이윤아,전자공학과,2026,user20264610@gmail.com
20239516,정준우,시각디자인학과,2023,user20239516@daum.net
20251481,이지호,시각디자인학과,2025,user20251481@daum.net
20266812,이지우,경영학과,2026,user20266812@outlook.com
20265252,임서현,심리학과,2026,user20265252@outlook.com
20234009,장건우,경영학과,2023,user20234009@naver.com
20262838,정지우,경영학과,2026,user20262838@daum.net
20256261,서건우,심리학과,2025,user20256261@gmail.com
20267328,장지아,경영학과,2026,user20267328@daum.net
20237586,신지우,시각디자인학과,2023,user20237586@daum.net
20257980,이준우,컴퓨터공학과,2025,user20257980@naver.com
20257482,이우진,심리학과,2025,user20257482@naver.com
20257278,장준우,전자공학과,2025,user20257278@outlook.com
20254959,조우진,시각디자인학과,2025,user20254959@naver.com
20231406,강선우,심리학과,2023,user20231406@naver.com
20262430,한서현,컴퓨터공학과,2026,user20262430@gmail.com
20244270,권민지,경영학과,2024,user20244270@gmail.com
20248570,신윤아,경영학과,2024,user20248570@gmail.com
20254635,최서윤,컴퓨터공학과,2025,user20254635@gmail.com
20267304,조하은,컴퓨터공학과,2026,user20267304@gmail.com
20246324,권윤아,전자공학과,2024,user20246324@gmail.com
20247299,윤채원,심리학과,2024,user20247299@outlook.com
20256393,조현우,심리학과,2025,user20256393@naver.com
20239767,한주원,경영학과,2023,user20239767@daum.net
20251423,임서현,심리학과,2025,user20251423@daum.net
20235010,신민준,시각디자인학과,2023,user20235010@gmail.com
20237652,서주원,컴퓨터공학과,2023,user20237652@outlook.com
20253509,정윤아,시각디자인학과,2025,user20253509@gmail.com
20252593,오도윤,시각디자인학과,2025,user20252593@naver.com
20231604,정채원,컴퓨터공학과,2023,user20231604@daum.net
20234859,임민지,시각디자인학과,2023,user20234859@daum.net
20257506,임건우,시각디자인학과,2025,user20257506@naver.com
20234016,한윤아,컴퓨터공학과,2023,user20234016@naver.com
20249365,박채원,컴퓨터공학과,2024,user20249365@daum.net
20236705,한지호,전자공학과,2023,user20236705@naver.com
20234480,임우진,경영학과,2023,user20234480@outlook.com
20253545,박준우,전자공학과,2025,user20253545@daum.net
20233573,오서현,컴퓨터공학과,2023,user20233573@naver.com
20241768,장채원,전자공학과,2024,user20241768@daum.net
20247592,박선우,심리학과,2024,user20247592@gmail.com
20237771,한지호,심리학과,2023,user20237771@naver.com
20237535,정도윤,컴퓨터공학과,2023,user20237535@outlook.com
20262197,윤선우,시각디자인학과,2026,user20262197@daum.net
20248443,신서현,전자공학과,2024,user20248443@gmail.com
20244828,최도윤,시각디자인학과,2024,user20244828@outlook.com
20238531,신서연,심리학과,2023,user20238531@gmail.com
20268139,신민준,심리학과,2026,user20268139@gmail.com
20235040,윤서현,경영학과,2023,user20235040@naver.com
20258014,임민지,시각디자인학과,2025,user20258014@naver.com
20231876,박도윤,시각디자인학과,2023,user20231876@gmail.com
20247494,박하은,전자공학과,2024,user20247494@gmail.com
20258424,이우진,경영학과,2025,user20258424@gmail.com
20231059,윤지호,컴퓨터공학과,2023,user20231059@naver.com
20262406,윤지호,컴퓨터공학과,2026,user20262406@daum.net
20244603,서선우,심리학과,2024,user20244603@gmail.com
20248094,박서현,컴퓨터공학과,2024,user20248094@naver.com
20238069,서우진,심리학과,2023,user20238069@daum.net
20262252,오윤아,심리학과,2026,user20262252@outlook.com
20269840,임주원,심리학과,2026,user20269840@outlook.com
20248245,서윤아,컴퓨터공학과,2024,user20248245@gmail.com
20263268,한도윤,심리학과,2026,user20263268@outlook.com
20269634,장지호,컴퓨터공학과,2026,user20269634@gmail.com
20255727,강민준,전자공학과,2025,user20255727@daum.net
20231399,조지호,컴퓨터공학과,2023,user20231399@daum.net
20242953,오윤아,경영학과,2024,user20242953@daum.net
20256179,장서윤,컴퓨터공학과,2025,user20256179@daum.net
20258132,임하은,경영학과,2025,user20258132@outlook.com
20249535,윤우진,경영학과,2024,user20249535@outlook.com
20264485,이서현,심리학과,2026,user20264485@outlook.com
20263445,조현우,전자공학과,2026,user20263445@gmail.com
20237053,정준우,시각디자인학과,2023,user20237053@naver.com
20255612,한지아,경영학과,2025,user20255612@naver.com
20235390,강하은,시각디자인학과,2023,user20235390@daum.net
20256649,조윤아,시각디자인학과,2025,user20256649@outlook.com
20269465,임채원,시각디자인학과,2026,user20269465@naver.com
20269000,오민준,경영학과,2026,user20269000@daum.net
20244667,최도윤,전자공학과,2024,user20244667@outlook.com
20244622,박하준,시각디자인학과,2024,user20244622@daum.net
20258838,서지아,컴퓨터공학과,2025,user20258838@gmail.com
20234603,장건우,전자공학과,2023,user20234603@naver.com
20238788,오서현,심리학과,2023,user20238788@gmail.com
20244943,신우진,심리학과,2024,user20244943@daum.net
20256272,조민지,경영학과,2025,user20256272@gmail.com
20266872,이윤아,전자공학과,2026,user20266872@daum.net
20256630,이서연,컴퓨터공학과,2025,user20256630@outlook.com
20247002,장건우,전자공학과,2024,user20247002@gmail.com
20257920,한선우,심리학과,2025,user20257920@naver.com
20241681,박선우,경영학과,2024,user20241681@gmail.com
20256567,강준우,컴퓨터공학과,2025,user20256567@naver.com
20259796,임현우,컴퓨터공학과,2025,user20259796@daum.net
20261298,조지우,컴퓨터공학과,2026,user20261298@daum.net
20243041,박주원,심리학과,2024,user20243041@daum.net
20243699,김윤아,컴퓨터공학과,2024,user20243699@naver.com
20259058,장주원,심리학과,2025,user20259058@daum.net
20236714,조지윤,컴퓨터공학과,2023,user20236714@naver.com
20255507,김지아,컴퓨터공학과,2025,user20255507@daum.net
20259662,한우진,전자공학과,2025,user20259662@naver.com
20231703,서서연,심리학과,2023,user20231703@outlook.com
20237865,조채원,시각디자인학과,2023,user20237865@gmail.com
20258495,정윤아,경영학과,2025,user20258495@naver.com
20233516,이민지,경영학과,2023,user20233516@gmail.com
20262612,임민지,경영학과,2026,user20262612@naver.com
20254839,정지윤,전자공학과,2025,user20254839@daum.net
20246558,서서윤,컴퓨터공학과,2024,user20246558@outlook.com
20251434,정서연,심리학과,2025,user20251434@naver.com
20268008,박지우,컴퓨터공학과,2026,user20268008@outlook.com
20248960,최우진,심리학과,2024,user20248960@outlook.com
20234467,장도윤,경영학과,2023,user20234467@gmail.com
20257312,장건우,심리학과,2025,user20257312@daum.net
20242688,서민지,컴퓨터공학과,2024,user20242688@outlook.com
20254245,임지우,컴퓨터공학과,2025,user20254245@outlook.com
20262080,한건우,컴퓨터공학과,2026,user20262080@gmail.com
20246952,이현우,컴퓨터공학과,2024,user20246952@gmail.com
20244422,김준우,컴퓨터공학과,2024,user20244422@outlook.com
20244427,조윤아,경영학과,2024,user20244427@daum.net
20256800,이하준,컴퓨터공학과,2025,user20256800@naver.com
20251193,박채원,시각디자인학과,2025,user20251193@daum.net
20231259,김도윤,경영학과,2023,user20231259@gmail.com
20252753,오지아,전자공학과,2025,user20252753@daum.net
20253320,서우진,전자공학과,2025,user20253320@outlook.com
20261127,윤지아,컴퓨터공학과,2026,user20261127@gmail.com
20262149,윤현우,전자공학과,2026,user20262149@naver.com
20231959,조윤아,컴퓨터공학과,2023,user20231959@outlook.com
20246098,정지윤,전자공학과,2024,user20246098@outlook.com
20247333,장윤아,심리학과,2024,user20247333@daum.net
20269999,박서윤,심리학과,2026,user20269999@outlook.com
20245904,박주원,심리학과,2024,user20245904@outlook.com
20246609,이선우,전자공학과,2024,user20246609@naver.com
20259578,조준우,심리학과,2025,user20259578@gmail.com
20266048,임지아,심리학과,2026,user20266048@daum.net
20246805,이지호,경영학과,2024,user20246805@gmail.com
20266864,이준우,경영학과,2026,user20266864@naver.com
20258798,장선우,시각디자인학과,2025,user20258798@daum.net
20233839,박우진,전자공학과,2023,user20233839@daum.net
20237180,권서윤,경영학과,2023,user20237180@daum.net
20256615,조채원,심리학과,2025,user20256615@outlook.com
20252185,장서현,시각디자인학과,2025,user20252185@gmail.com
20258840,박선우,시각디자인학과,2025,user20258840@daum.net
20252825,장지우,전자공학과,2025,user20252825@gmail.com
20249299,강건우,경영학과,2024,user20249299@outlook.com
20247644,조도윤,시각디자인학과,2024,user20247644@outlook.com
20246885,최서연,경영학과,2024,user20246885@gmail.com
20261007,이서윤,시각디자인학과,2026,user20261007@gmail.com
20236083,박주원,심리학과,2023,user20236083@daum.net
20242945,이준우,전자공학과,2024,user20242945@outlook.com
20251269,조서연,심리학과,2025,user20251269@naver.com
20241165,윤지호,전자공학과,2024,user20241165@daum.net
20269654,신지아,경영학과,2026,user20269654@gmail.com
20269065,권민준,심리학과,2026,user20269065@naver.com
20262879,신주원,시각디자인학과,2026,user20262879@outlook.com
20264932,김지윤,시각디자인학과,2026,user20264932@naver.com
20268454,조준우,컴퓨터공학과,2026,user20268454@naver.com
20242743,장준우,전자공학과,2024,user20242743@outlook.com
20246638,서현우,심리학과,2024,user20246638@gmail.com
20235145,임현우,시각디자인학과,2023,user20235145@daum.net
20252703,조현우,경영학과,2025,user20252703@outlook.com
20253681,강서윤,경영학과,2025,user20253681@naver.com
20239268,최지윤,전자공학과,2023,user20239268@daum.net
20258771,신윤아,컴퓨터공학과,2025,user20258771@naver.com
20255953,최지윤,컴퓨터공학과,2025,user20255953@gmail.com
20261521,정지아,경영학과,2026,user20261521@outlook.com
20254142,권채원,컴퓨터공학과,2025,user20254142@gmail.com
20264150,서지아,시각디자인학과,2026,user20264150@daum.net
20261291,박도윤,시각디자인학과,2026,user20261291@outlook.com
20251706,한주원,컴퓨터공학과,2025,user20251706@daum.net
20248028,서지우,컴퓨터공학과,2024,user20248028@gmail.com
20253238,최윤아,경영학과,2025,user20253238@daum.net
20248389,강지아,컴퓨터공학과,2024,user20248389@daum.net
20268926,강지아,컴퓨터공학과,2026,user20268926@daum.net
20237471,한서연,심리학과,2023,user20237471@daum.net
20264344,최지호,경영학과,2026,user20264344@naver.com
20231073,김서연,심리학과,2023,user20231073@naver.com
20246160,장채원,심리학과,2024,user20246160@gmail.com
20261260,권건우,컴퓨터공학과,2026,user20261260@gmail.com
20235693,오현우,시각디자인학과,2023,user20235693@naver.com
20253961,정우진,경영학과,2025,user20253961@outlook.com
20252405,조지아,심리학과,2025,user20252405@gmail.com
20256157,서지우,경영학과,2025,user20256157@naver.com
20269264,조윤아,시각디자인학과,2026,user20269264@daum.net
20248285,이민지,시각디자인학과,2024,user20248285@daum.net
20263499,한채원,심리학과,2026,user20263499@daum.net
20256422,임하은,전자공학과,2025,user20256422@gmail.com
20256049,박지우,컴퓨터공학과,2025,user20256049@outlook.com
20256209,김지윤,경영학과,2025,user20256209@daum.net
20255224,박현우,컴퓨터공학과,2025,user20255224@outlook.com
20261837,이윤아,심리학과,2026,user20261837@gmail.com
20241814,임건우,심리학과,2024,user20241814@gmail.com
20234154,장선우,경영학과,2023,user20234154@daum.net
20269819,최도윤,시각디자인학과,2026,user20269819@gmail.com
20241006,정채원,심리학과,2024,user20241006@gmail.com
20259940,오민준,전자공학과,2025,user20259940@outlook.com
20247272,서선우,시각디자인학과,2024,user20247272@naver.com
20231960,강도윤,전자공학과,2023,user20231960@gmail.com
20257123,최민준,전자공학과,2025,user20257123@gmail.com
20265905,최서연,컴퓨터공학과,2026,user20265905@gmail.com
20241391,신윤아,컴퓨터공학과,2024,user20241391@gmail.com
20257202,장서윤,심리학과,2025,user20257202@daum.net
20245405,강선우,컴퓨터공학과,2024,user20245405@naver.com
20249922,최채원,심리학과,2024,user20249922@gmail.com
20268421,김서현,경영학과,2026,user20268421@daum.net
20258986,서선우,컴퓨터공학과,2025,user20258986@daum.net
20251032,조준우,전자공학과,2025,user20251032@naver.com
20262414,이지아,경영학과,2026,user20262414@daum.net
20256780,이채원,경영학과,2025,user20256780@outlook.com
20266124,장민준,시각디자인학과,2026,user20266124@daum.net
20253852,장도윤,시각디자인학과,2025,user20253852@gmail.com
20239823,오민지,컴퓨터공학과,2023,user20239823@naver.com
20255090,오지우,전자공학과,2025,user20255090@daum.net
20237466,신하은,전자공학과,2023,user20237466@outlook.com
20236560,서지우,심리학과,2023,user20236560@naver.com
20236141,한준우,심리학과,2023,user20236141@outlook.com
20261709,강민지,시각디자인학과,2026,user20261709@daum.net
20248459,김채원,컴퓨터공학과,2024,user20248459@naver.com
20269987,장지윤,컴퓨터공학과,2026,user20269987@outlook.com
20268505,최채원,전자공학과,2026,user20268505@outlook.com
20232424,권민준,경영학과,2023,user20232424@daum.net
20231716,권서연,시각디자인학과,2023,user20231716@daum.net
20236362,윤민준,심리학과,2023,user20236362@outlook.com
20259145,정민준,컴퓨터공학과,2025,user20259145@gmail.com
20266848,임현우,경영학과,2026,user20266848@gmail.com
20257599,한현우,경영학과,2025,user20257599@daum.net
20265942,윤민지,심리학과,2026,user20265942@outlook.com
20262361,신지호,경영학과,2026,user20262361@daum.net
20243792,한지호,전자공학과,2024,user20243792@outlook.com
20265584,한윤아,컴퓨터공학과,2026,user20265584@gmail.com
20239214,강선우,시각디자인학과,2023,user20239214@naver.com
20238862,박하준,경영학과,2023,user20238862@gmail.com
20245033,임하준,컴퓨터공학과,2024,user20245033@outlook.com
20267024,오하준,시각디자인학과,2026,user20267024@naver.com
20254621,김우진,전자공학과,2025,user20254621@outlook.com
20261121,서민준,심리학과,2026,user20261121@gmail.com
20243506,오서현,경영학과,2024,user20243506@outlook.com
20232291,조하준,컴퓨터공학과,2023,user20232291@naver.com
20263886,강지우,경영학과,2026,user20263886@outlook.com
20253767,조하은,심리학과,2025,user20253767@naver.com
20239832,박주원,심리학과,2023,user20239832@gmail.com
20236840,윤서윤,경영학과,2023,user20236840@gmail.com
20247595,최민준,전자공학과,2024,user20247595@daum.net
20243963,강지윤,경영학과,2024,user20243963@naver.com
20261668,서서현,시각디자인학과,2026,user20261668@naver.com
20244403,오민지,경영학과,2024,user20244403@gmail.com
20261407,임민지,전자공학과,2026,user20261407@daum.net
20233068,장지호,컴퓨터공학과,2023,user20233068@naver.com
20254493,임하준,전자공학과,2025,user20254493@naver.com
20233158,강지호,경영학과,2023,user20233158@daum.net
20265601,서서연,심리학과,2026,user20265601@naver.com
20259382,한하준,전자공학과,2025,user20259382@outlook.com
20262534,임지호,컴퓨터공학과,2026,user20262534@daum.net
20232078,조지아,심리학과,2023,user20232078@outlook.com
20245846,강채원,심리학과,2024,user20245846@outlook.com
20234139,서지아,컴퓨터공학과,2023,user20234139@daum.net
20243395,한하은,경영학과,2024,user20243395@gmail.com
20247908,서서윤,컴퓨터공학과,2024,user20247908@gmail.com
20269146,이민준,시각디자인학과,2026,user20269146@outlook.com
20264722,임도윤,컴퓨터공학과,2026,user20264722@outlook.com
20268895,오주원,컴퓨터공학과,2026,user20268895@outlook.com
20233198,권서연,심리학과,2023,user20233198@daum.net
20241966,박서연,심리학과,2024,user20241966@naver.com
20249155,임서현,경영학과,2024,user20249155@naver.com
20262081,권하준,심리학과,2026,user20262081@gmail.com
20238834,조민준,시각디자인학과,2023,user20238834@daum.net
20236371,장지우,시각디자인학과,2023,user20236371@daum.net
20262000,이도윤,심리학과,2026,user20262000@gmail.com
20235003,정도윤,전자공학과,2023,user20235003@daum.net
20245165,신채원,전자공학과,2024,user20245165@daum.net
20268709,서지윤,컴퓨터공학과,2026,user20268709@naver.com
20266989,이도윤,경영학과,2026,user20266989@naver.com
20252696,이서연,전자공학과,2025,user20252696@naver.com
20268240,신지우,컴퓨터공학과,2026,user20268240@naver.com
20241898,정하은,전자공학과,2024,user20241898@daum.net
20241095,윤지우,시각디자인학과,2024,user20241095@gmail.com
20255643,김현우,심리학과,2025,user20255643@outlook.com
20242936,신민준,컴퓨터공학과,2024,user20242936@naver.com
20249835,조하은,심리학과,2024,user20249835@gmail.com
20231994,오도윤,전자공학과,2023,user20231994@naver.com
20233663,임서윤,전자공학과,2023,user20233663@gmail.com
20234648,장현우,컴퓨터공학과,2023,user20234648@daum.net
20258505,김민지,컴퓨터공학과,2025,user20258505@outlook.com
20251823,조하준,경영학과,2025,user20251823@gmail.com
20232731,최지윤,경영학과,2023,user20232731@naver.com
20262503,임민지,전자공학과,2026,user20262503@naver.com
20255580,이하은,전자공학과,2025,user20255580@outlook.com
20266655,조채원,컴퓨터공학과,2026,user20266655@daum.net
20267932,장지우,경영학과,2026,user20267932@daum.net
20245935,신채원,심리학과,2024,user20245935@daum.net
20253117,김지아,시각디자인학과,2025,user20253117@daum.net
20265440,김하준,컴퓨터공학과,2026,user20265440@gmail.com
20248404,박지호,컴퓨터공학과,2024,user20248404@gmail.com
20269394,조채원,경영학과,2026,user20269394@naver.com
20262957,조민지,컴퓨터공학과,2026,user20262957@daum.net
20261085,권건우,심리학과,2026,user20261085@naver.com
20252005,조서연,전자공학과,2025,user20252005@daum.net
20251765,권지윤,심리학과,2025,user20251765@gmail.com
20239998,장지우,시각디자인학과,2023,user20239998@gmail.com
20257152,신채원,컴퓨터공학과,2025,user20257152@naver.com
20246063,박윤아,전자공학과,2024,user20246063@outlook.com
20245056,임서현,시각디자인학과,2024,user20245056@naver.com
20259544,이주원,심리학과,2025,user20259544@outlook.com
20255089,한지윤,심리학과,2025,user20255089@gmail.com
20261965,윤민지,심리학과,2026,user20261965@gmail.com
20265909,임서윤,컴퓨터공학과,2026,user20265909@naver.com
20246729,정주원,컴퓨터공학과,2024,user20246729@naver.com
20248814,권우진,컴퓨터공학과,2024,user20248814@daum.net
20242202,이하은,경영학과,2024,user20242202@gmail.com
20231441,윤채원,전자공학과,2023,user20231441@naver.com
20233583,강건우,경영학과,2023,user20233583@gmail.com
20266125,강지우,심리학과,2026,user20266125@gmail.com
20265623,장서연,전자공학과,2026,user20265623@daum.net
20266186,한지호,컴퓨터공학과,2026,user20266186@outlook.com
20255506,이선우,컴퓨터공학과,2025,user20255506@gmail.com
20239685,임주원,시각디자인학과,2023,user20239685@naver.com
20255774,장지우,경영학과,2025,user20255774@gmail.com
20241792,신주원,전자공학과,2024,user20241792@outlook.com
20253843,서지윤,시각디자인학과,2025,user20253843@naver.com
20251775,권지윤,컴퓨터공학과,2025,user20251775@gmail.com
20243925,서하준,심리학과,2024,user20243925@gmail.com
20262268,이채원,시각디자인학과,2026,user20262268@gmail.com
20268885,임하은,전자공학과,2026,user20268885@outlook.com
20258462,정민준,컴퓨터공학과,2025,user20258462@daum.net
20265015,오선우,경영학과,2026,user20265015@outlook.com
20241012,정주원,컴퓨터공학과,2024,user20241012@outlook.com
20247780,김윤아,심리학과,2024,user20247780@naver.com
20231221,강지우,심리학과,2023,user20231221@gmail.com
20263994,최도윤,컴퓨터공학과,2026,user20263994@daum.net
20232486,한민지,컴퓨터공학과,2023,user20232486@gmail.com
20261344,임서윤,전자공학과,2026,user20261344@daum.net
20259731,한민지,심리학과,2025,user20259731@outlook.com
20258576,신현우,시각디자인학과,2025,user20258576@outlook.com
20259798,한현우,시각디자인학과,2025,user20259798@daum.net
20264822,조주원,컴퓨터공학과,2026,user20264822@daum.net
20233382,권지호,시각디자인학과,2023,user20233382@outlook.com
20251310,이우진,시각디자인학과,2025,user20251310@gmail.com
20266674,한서윤,경영학과,2026,user20266674@naver.com
20258815,오서윤,전자공학과,2025,user20258815@daum.net
20262232,한민지,심리학과,2026,user20262232@naver.com
20259504,임서윤,심리학과,2025,user20259504@daum.net
20262436,윤민준,컴퓨터공학과,2026,user20262436@naver.com
20257983,서도윤,컴퓨터공학과,2025,user20257983@outlook.com
20249786,박지아,시각디자인학과,2024,user20249786@naver.com
20241974,임하준,전자공학과,2024,user20241974@gmail.com
20268498,정지아,심리학과,2026,user20268498@gmail.com
20245329,오지윤,전자공학과,2024,user20245329@gmail.com
20239459,임서윤,컴퓨터공학과,2023,user20239459@gmail.com
20242785,서민준,시각디자인학과,2024,user20242785@naver.com
20242410,오하준,시각디자인학과,2024,user20242410@daum.net
20269040,박준우,전자공학과,2026,user20269040@daum.net
20254243,오지우,심리학과,2025,user20254243@outlook.com
20264788,윤지윤,경영학과,2026,user20264788@daum.net
20236531,정지윤,경영학과,2023,user20236531@gmail.com
20249862,권현우,전자공학과,2024,user20249862@outlook.com
20248574,윤윤아,시각디자인학과,2024,user20248574@gmail.com
20251746,이서연,심리학과,2025,user20251746@outlook.com
20258443,한서연,시각디자인학과,2025,user20258443@daum.net
20239711,강하준,경영학과,2023,user20239711@naver.com
20249508,윤현우,전자공학과,2024,user20249508@outlook.com
20265677,권우진,시각디자인학과,2026,user20265677@gmail.com
20261189,한지호,컴퓨터공학과,2026,user20261189@outlook.com
20237381,김하은,전자공학과,2023,user20237381@outlook.com
20238232,한주원,시각디자인학과,2023,user20238232@daum.net
20264118,권지호,전자공학과,2026,user20264118@gmail.com
20255486,신지윤,전자공학과,2025,user20255486@naver.com
20267156,장현우,심리학과,2026,user20267156@daum.net
20235228,권주원,전자공학과,2023,user20235228@gmail.com
20238458,한채원,시각디자인학과,2023,user20238458@naver.com
20239584,강우진,컴퓨터공학과,2023,user20239584@naver.com
20242225,윤채원,심리학과,2024,user20242225@daum.net
20267796,신지윤,시각디자인학과,2026,user20267796@gmail.com
20252418,오현우,시각디자인학과,2025,user20252418@outlook.com
20254397,임도윤,심리학과,2025,user20254397@naver.com
20246195,장하준,전자공학과,2024,user20246195@gmail.com
20252521,조우진,경영학과,2025,user20252521@naver.com
20261010,김지우,심리학과,2026,user20261010@outlook.com
20255604,강우진,경영학과,2025,user20255604@daum.net
20246080,김선우,경영학과,2024,user20246080@outlook.com
20247425,이서현,시각디자인학과,2024,user20247425@outlook.com
20233892,윤서현,심리학과,2023,user20233892@gmail.com
20257456,임지아,컴퓨터공학과,2025,user20257456@gmail.com
20269231,윤도윤,시각디자인학과,2026,user20269231@outlook.com
20244186,신서현,컴퓨터공학과,2024,user20244186@outlook.com
20242102,장지윤,심리학과,2024,user20242102@gmail.com
20232840,장주원,컴퓨터공학과,2023,user20232840@naver.com
20257562,신서연,시각디자인학과,2025,user20257562@naver.com
20261686,윤하준,심리학과,2026,user20261686@outlook.com
20251107,조서연,심리학과,2025,user20251107@outlook.com
20245623,조선우,시각디자인학과,2024,user20245623@naver.com
20265919,정서윤,전자공학과,2026,user20265919@naver.com
20258826,강서연,심리학과,2025,user20258826@daum.net
20244062,김지호,전자공학과,2024,user20244062@daum.net
20247572,오도윤,심리학과,2024,user20247572@naver.com
20263435,윤선우,심리학과,2026,user20263435@gmail.com
20267635,김민준,시각디자인학과,2026,user20267635@daum.net
20253335,조서현,시각디자인학과,2025,user20253335@gmail.com
20249707,오서윤,전자공학과,2024,user20249707@gmail.com
20263436,서건우,컴퓨터공학과,2026,user20263436@outlook.com
20237348,김선우,심리학과,2023,user20237348@gmail.com
20263843,윤민준,시각디자인학과,2026,user20263843@daum.net
20257758,오하은,컴퓨터공학과,2025,user20257758@naver.com
20266593,정준우,경영학과,2026,user20266593@naver.com
20232576,서지호,전자공학과,2023,user20232576@outlook.com
20241642,강현우,전자공학과,2024,user20241642@naver.com
20269533,임서윤,컴퓨터공학과,2026,user20269533@naver.com
20254321,최민지,전자공학과,2025,user20254321@naver.com
20254739,서도윤,컴퓨터공학과,2025,user20254739@gmail.com
20244135,오민지,전자공학과,2024,user20244135@naver.com
20268896,임지우,심리학과,2026,user20268896@outlook.com
20249915,권지아,컴퓨터공학과,2024,user20249915@daum.net
20252010,정지아,전자공학과,2025,user20252010@daum.net
20256115,윤건우,심리학과,2025,user20256115@daum.net
20269347,윤하준,전자공학과,2026,user20269347@daum.net
20249044,정건우,시각디자인학과,2024,user20249044@naver.com
20231641,신지아,심리학과,2023,user20231641@outlook.com
20257206,박도윤,컴퓨터공학과,2025,user20257206@outlook.com
20238870,이우진,시각디자인학과,2023,user20238870@naver.com
20264247,신현우,심리학과,2026,user20264247@outlook.com
20235285,박민지,전자공학과,2023,user20235285@naver.com
20247345,서우진,심리학과,2024,user20247345@naver.com
20253701,조현우,전자공학과,2025,user20253701@outlook.com
20241253,장지아,경영학과,2024,user20241253@gmail.com
20236034,권민지,컴퓨터공학과,2023,user20236034@gmail.com
20247162,조준우,심리학과,2024,user20247162@outlook.com
20253281,한윤아,경영학과,2025,user20253281@gmail.com
20254748,임서현,경영학과,2025,user20254748@gmail.com
20266811,서민지,경영학과,2026,user20266811@daum.net
20247960,김하준,심리학과,2024,user20247960@outlook.com
20258527,장서현,전자공학과,2025,user20258527@naver.com
20239854,강도윤,컴퓨터공학과,2023,user20239854@daum.net
20236503,서민지,경영학과,2023,user20236503@outlook.com
20247517,한윤아,컴퓨터공학과,2024,user20247517@daum.net
20262159,박지윤,컴퓨터공학과,2026,user20262159@gmail.com
20254423,서건우,시각디자인학과,2025,user20254423@daum.net
20237740,장현우,전자공학과,2023,user20237740@daum.net
20251273,임민지,심리학과,2025,user20251273@outlook.com
20235841,윤채원,경영학과,2023,user20235841@gmail.com
20231639,최윤아,심리학과,2023,user20231639@naver.com
20269201,임하준,경영학과,2026,user20269201@gmail.com
20267090,조현우,전자공학과,2026,user20267090@outlook.com
20265448,최지호,컴퓨터공학과,2026,user20265448@gmail.com
20251458,윤서연,경영학과,2025,user20251458@naver.com
20252610,서윤아,전자공학과,2025,user20252610@daum.net
20242355,윤윤아,전자공학과,2024,user20242355@daum.net
20254520,오지아,컴퓨터공학과,2025,user20254520@daum.net
20247881,한서윤,경영학과,2024,user20247881@daum.net
20267066,최지윤,경영학과,2026,user20267066@naver.com
20256783,강민준,시각디자인학과,2025,user20256783@naver.com
20234763,오지윤,전자공학과,2023,user20234763@naver.com
20241988,장서현,시각디자인학과,2024,user20241988@daum.net
20233811,강하은,시각디자인학과,2023,user20233811@naver.com
20241230,윤현우,컴퓨터공학과,2024,user20241230@naver.com
20268584,임준우,컴퓨터공학과,2026,user20268584@outlook.com
20258719,최우진,경영학과,2025,user20258719@daum.net
20266716,정하준,컴퓨터공학과,2026,user20266716@outlook.com
20262870,임서연,시각디자인학과,2026,user20262870@gmail.com
20269223,권준우,경영학과,2026,user20269223@daum.net
20269795,서현우,경영학과,2026,user20269795@gmail.com
20264715,김민지,전자공학과,2026,user20264715@daum.net
20263619,정지우,전자공학과,2026,user20263619@gmail.com
20251517,박하은,심리학과,2025,user20251517@outlook.com
20243148,오채원,경영학과,2024,user20243148@naver.com
20241296,임지호,전자공학과,2024,user20241296@outlook.com
20264262,정지우,경영학과,2026,user20264262@naver.com
20258657,조우진,시각디자인학과,2025,user20258657@daum.net
20265388,신지우,경영학과,2026,user20265388@outlook.com
20253251,최우진,심리학과,2025,user20253251@gmail.com
20248204,권윤아,경영학과,2024,user20248204@daum.net
20231435,장하준,시각디자인학과,2023,user20231435@gmail.com
20242304,김민준,경영학과,2024,user20242304@outlook.com
20256016,서주원,시각디자인학과,2025,user20256016@daum.net
20262044,이선우,컴퓨터공학과,2026,user20262044@outlook.com
20263030,조윤아,전자공학과,2026,user20263030@naver.com
20254291,조민지,전자공학과,2025,user20254291@naver.com
20267988,임도윤,시각디자인학과,2026,user20267988@naver.com
20231756,한윤아,전자공학과,2023,user20231756@gmail.com
20235462,한서연,경영학과,2023,user20235462@daum.net
20255057,신윤아,시각디자인학과,2025,user20255057@daum.net
20255475,강도윤,경영학과,2025,user20255475@gmail.com
20265890,윤지아,전자공학과,2026,user20265890@outlook.com
20253930,권우진,전자공학과,2025,user20253930@gmail.com
20245737,김지우,시각디자인학과,2024,user20245737@daum.net
20238920,정서현,시각디자인학과,2023,user20238920@daum.net
20269466,서우진,컴퓨터공학과,2026,user20269466@outlook.com
20251390,이서윤,경영학과,2025,user20251390@outlook.com
20256689,서지호,컴퓨터공학과,2025,user20256689@naver.com
20263046,윤민지,시각디자인학과,2026,user20263046@outlook.com
20253321,박지윤,심리학과,2025,user20253321@outlook.com
20267217,조지호,심리학과,2026,user20267217@gmail.com
20248247,최지윤,컴퓨터공학과,2024,user20248247@gmail.com
20231314,박지호,전자공학과,2023,user20231314@daum.net
20254237,오지아,시각디자인학과,2025,user20254237@outlook.com
20236614,박지호,심리학과,2023,user20236614@naver.com
20268099,강하은,경영학과,2026,user20268099@naver.com
20251011,임지우,경영학과,2025,user20251011@gmail.com
20263477,임서연,경영학과,2026,user20263477@naver.com
20256522,김하준,시각디자인학과,2025,user20256522@naver.com
20244612,조서윤,시각디자인학과,2024,user20244612@outlook.com
20269708,임도윤,컴퓨터공학과,2026,user20269708@naver.com
20266727,한민준,컴퓨터공학과,2026,user20266727@gmail.com
20248737,서건우,전자공학과,2024,user20248737@gmail.com
20233802,장지아,전자공학과,2023,user20233802@gmail.com
20264424,임민지,심리학과,2026,user20264424@outlook.com
20237625,조서연,시각디자인학과,2023,user20237625@daum.net
20265946,임민지,심리학과,2026,user20265946@gmail.com
20254281,서서윤,시각디자인학과,2025,user20254281@naver.com
20258507,임우진,심리학과,2025,user20258507@naver.com
20251059,강서현,컴퓨터공학과,2025,user20251059@daum.net
20237833,정민준,심리학과,2023,user20237833@daum.net
20269035,신채원,컴퓨터공학과,2026,user20269035@naver.com
20241062,조준우,심리학과,2024,user20241062@outlook.com
